insert into TrurApp.TransportType(id, name) values (1, 'AUTOBUZE');
insert into TrurApp.TransportType(id, name) values (2, 'TROLEIBUZE');
insert into TrurApp.TransportType(id, name) values (3, 'RUTIERE');

insert into TrurApp.Transport(TransportTypeId, name) values (1, 'A');
insert into TrurApp.Transport(TransportTypeId, name) values (1, '2');
insert into TrurApp.Transport(TransportTypeId, name) values (1, '3');
insert into TrurApp.Transport(TransportTypeId, name) values (1, '4');
insert into TrurApp.Transport(TransportTypeId, name) values (1, '5');
insert into TrurApp.Transport(TransportTypeId, name) values (1, '9');
insert into TrurApp.Transport(TransportTypeId, name) values (1, '10');
insert into TrurApp.Transport(TransportTypeId, name) values (1, '11');
insert into TrurApp.Transport(TransportTypeId, name) values (1, '16');
insert into TrurApp.Transport(TransportTypeId, name) values (1, '17');
insert into TrurApp.Transport(TransportTypeId, name) values (1, '18');
insert into TrurApp.Transport(TransportTypeId, name) values (1, '20');
insert into TrurApp.Transport(TransportTypeId, name) values (1, '23');
insert into TrurApp.Transport(TransportTypeId, name) values (1, '24');
insert into TrurApp.Transport(TransportTypeId, name) values (1, '31');
insert into TrurApp.Transport(TransportTypeId, name) values (1, '32');
insert into TrurApp.Transport(TransportTypeId, name) values (1, '33');
insert into TrurApp.Transport(TransportTypeId, name) values (1, '34');
insert into TrurApp.Transport(TransportTypeId, name) values (1, '36');
insert into TrurApp.Transport(TransportTypeId, name) values (1, '37');
insert into TrurApp.Transport(TransportTypeId, name) values (1, '38');
insert into TrurApp.Transport(TransportTypeId, name) values (1, '39');
insert into TrurApp.Transport(TransportTypeId, name) values (1, '44');
insert into TrurApp.Transport(TransportTypeId, name) values (1, '46');
insert into TrurApp.Transport(TransportTypeId, name) values (1, '47');
insert into TrurApp.Transport(TransportTypeId, name) values (1, '48');
insert into TrurApp.Transport(TransportTypeId, name) values (1, '49');
insert into TrurApp.Transport(TransportTypeId, name) values (1, '65');

insert into TrurApp.Transport(TransportTypeId, name) values (2, '1');
insert into TrurApp.Transport(TransportTypeId, name) values (2, '2');
insert into TrurApp.Transport(TransportTypeId, name) values (2, '3');
insert into TrurApp.Transport(TransportTypeId, name) values (2, '4');
insert into TrurApp.Transport(TransportTypeId, name) values (2, '5');
insert into TrurApp.Transport(TransportTypeId, name) values (2, '7');
insert into TrurApp.Transport(TransportTypeId, name) values (2, '8');
insert into TrurApp.Transport(TransportTypeId, name) values (2, '9');
insert into TrurApp.Transport(TransportTypeId, name) values (2, '10');
insert into TrurApp.Transport(TransportTypeId, name) values (2, '13');
insert into TrurApp.Transport(TransportTypeId, name) values (2, '14');
insert into TrurApp.Transport(TransportTypeId, name) values (2, '16');
insert into TrurApp.Transport(TransportTypeId, name) values (2, '17');
insert into TrurApp.Transport(TransportTypeId, name) values (2, '18');
insert into TrurApp.Transport(TransportTypeId, name) values (2, '20');
insert into TrurApp.Transport(TransportTypeId, name) values (2, '21');
insert into TrurApp.Transport(TransportTypeId, name) values (2, '22');
insert into TrurApp.Transport(TransportTypeId, name) values (2, '23');
insert into TrurApp.Transport(TransportTypeId, name) values (2, '24');
insert into TrurApp.Transport(TransportTypeId, name) values (2, '25');
insert into TrurApp.Transport(TransportTypeId, name) values (2, '26');
insert into TrurApp.Transport(TransportTypeId, name) values (2, '28');
insert into TrurApp.Transport(TransportTypeId, name) values (2, '29');

insert into TrurApp.Transport(TransportTypeId, name) values (3, '101');
insert into TrurApp.Transport(TransportTypeId, name) values (3, '102');
insert into TrurApp.Transport(TransportTypeId, name) values (3, '103');
insert into TrurApp.Transport(TransportTypeId, name) values (3, '104');
insert into TrurApp.Transport(TransportTypeId, name) values (3, '105');
insert into TrurApp.Transport(TransportTypeId, name) values (3, '106');
insert into TrurApp.Transport(TransportTypeId, name) values (3, '107');
insert into TrurApp.Transport(TransportTypeId, name) values (3, '108');
insert into TrurApp.Transport(TransportTypeId, name) values (3, '109');
insert into TrurApp.Transport(TransportTypeId, name) values (3, '110');
insert into TrurApp.Transport(TransportTypeId, name) values (3, '111');
insert into TrurApp.Transport(TransportTypeId, name) values (3, '112');
insert into TrurApp.Transport(TransportTypeId, name) values (3, '113');
insert into TrurApp.Transport(TransportTypeId, name) values (3, '114');
insert into TrurApp.Transport(TransportTypeId, name) values (3, '115');
insert into TrurApp.Transport(TransportTypeId, name) values (3, '116');
insert into TrurApp.Transport(TransportTypeId, name) values (3, '117');
insert into TrurApp.Transport(TransportTypeId, name) values (3, '118');
insert into TrurApp.Transport(TransportTypeId, name) values (3, '119');
insert into TrurApp.Transport(TransportTypeId, name) values (3, '120');
insert into TrurApp.Transport(TransportTypeId, name) values (3, '121');
insert into TrurApp.Transport(TransportTypeId, name) values (3, '122');
insert into TrurApp.Transport(TransportTypeId, name) values (3, '123');
insert into TrurApp.Transport(TransportTypeId, name) values (3, '124');
insert into TrurApp.Transport(TransportTypeId, name) values (3, '125');
insert into TrurApp.Transport(TransportTypeId, name) values (3, '126');
insert into TrurApp.Transport(TransportTypeId, name) values (3, '127');
insert into TrurApp.Transport(TransportTypeId, name) values (3, '129');
insert into TrurApp.Transport(TransportTypeId, name) values (3, '130');
insert into TrurApp.Transport(TransportTypeId, name) values (3, '131');
insert into TrurApp.Transport(TransportTypeId, name) values (3, '132');
insert into TrurApp.Transport(TransportTypeId, name) values (3, '134');
insert into TrurApp.Transport(TransportTypeId, name) values (3, '137');
insert into TrurApp.Transport(TransportTypeId, name) values (3, '140');
insert into TrurApp.Transport(TransportTypeId, name) values (3, '145');
insert into TrurApp.Transport(TransportTypeId, name) values (3, '151');
insert into TrurApp.Transport(TransportTypeId, name) values (3, '152');
insert into TrurApp.Transport(TransportTypeId, name) values (3, '154');
insert into TrurApp.Transport(TransportTypeId, name) values (3, '155');
insert into TrurApp.Transport(TransportTypeId, name) values (3, '157');
insert into TrurApp.Transport(TransportTypeId, name) values (3, '159');
insert into TrurApp.Transport(TransportTypeId, name) values (3, '160');
insert into TrurApp.Transport(TransportTypeId, name) values (3, '162');
insert into TrurApp.Transport(TransportTypeId, name) values (3, '163');
insert into TrurApp.Transport(TransportTypeId, name) values (3, '165');
insert into TrurApp.Transport(TransportTypeId, name) values (3, '166');
insert into TrurApp.Transport(TransportTypeId, name) values (3, '169');
insert into TrurApp.Transport(TransportTypeId, name) values (3, '171');
insert into TrurApp.Transport(TransportTypeId, name) values (3, '172');
insert into TrurApp.Transport(TransportTypeId, name) values (3, '173');
insert into TrurApp.Transport(TransportTypeId, name) values (3, '174');
insert into TrurApp.Transport(TransportTypeId, name) values (3, '175');
insert into TrurApp.Transport(TransportTypeId, name) values (3, '176');
insert into TrurApp.Transport(TransportTypeId, name) values (3, '178');
insert into TrurApp.Transport(TransportTypeId, name) values (3, '180');
insert into TrurApp.Transport(TransportTypeId, name) values (3, '184');
insert into TrurApp.Transport(TransportTypeId, name) values (3, '188');
insert into TrurApp.Transport(TransportTypeId, name) values (3, '189');
insert into TrurApp.Transport(TransportTypeId, name) values (3, '190');
insert into TrurApp.Transport(TransportTypeId, name) values (3, '191');
insert into TrurApp.Transport(TransportTypeId, name) values (3, '192');
insert into TrurApp.Transport(TransportTypeId, name) values (3, '193');

insert into TrurApp.Point(TransportId, Position, Lat, Lng) values (65, 1, 28.817583918571472, 47.05650632436645);
insert into TrurApp.Point(TransportId, Position, Lat, Lng) values (65, 2, 28.811398744583133, 47.05983195515023);
insert into TrurApp.Point(TransportId, Position, Lat, Lng) values (65, 3, 28.811329007148743, 47.059769829883);
insert into TrurApp.Point(TransportId, Position, Lat, Lng) values (65, 4, 28.810980319976807, 47.05973328557433);
insert into TrurApp.Point(TransportId, Position, Lat, Lng) values (65, 5, 28.810980319976807, 47.05973328557433);
insert into TrurApp.Point(TransportId, Position, Lat, Lng) values (65, 6, 28.810443878173828, 47.060299719543764);
insert into TrurApp.Point(TransportId, Position, Lat, Lng) values (65, 7, 28.8093227148056, 47.06090999973111);
insert into TrurApp.Point(TransportId, Position, Lat, Lng) values (65, 8, 28.809065222740173, 47.06097212366981);
insert into TrurApp.Point(TransportId, Position, Lat, Lng) values (65, 9, 28.808802366256714, 47.06092461713497);
insert into TrurApp.Point(TransportId, Position, Lat, Lng) values (65, 10, 28.808115720748905, 47.06073093620865);
insert into TrurApp.Point(TransportId, Position, Lat, Lng) values (65, 11, 28.807069659233093, 47.061063482271685);
insert into TrurApp.Point(TransportId, Position, Lat, Lng) values (65, 12, 28.8066565990448, 47.06129005092883);
insert into TrurApp.Point(TransportId, Position, Lat, Lng) values (65, 13, 28.80337357521057, 47.064363250024165);
insert into TrurApp.Point(TransportId, Position, Lat, Lng) values (65, 14, 28.79947364330292, 47.066365667305945);
insert into TrurApp.Point(TransportId, Position, Lat, Lng) values (65, 15, 28.795316219329834, 47.06398687487475);
insert into TrurApp.Point(TransportId, Position, Lat, Lng) values (65, 16, 28.78722667694092, 47.05919242687762);
insert into TrurApp.Point(TransportId, Position, Lat, Lng) values (65, 17, 28.78733396530151, 47.05913030086523);
insert into TrurApp.Point(TransportId, Position, Lat, Lng) values (65, 18, 28.789238333702084, 47.058742925272654);
insert into TrurApp.Point(TransportId, Position, Lat, Lng) values (65, 19, 28.80622208118439, 47.05508464528485);
insert into TrurApp.Point(TransportId, Position, Lat, Lng) values (65, 20, 28.814595937728882, 47.05334130069196);
insert into TrurApp.Point(TransportId, Position, Lat, Lng) values (65, 21, 28.820963501930233, 47.050461185200945);
insert into TrurApp.Point(TransportId, Position, Lat, Lng) values (65, 22, 28.823361396789547, 47.049353688223626);
insert into TrurApp.Point(TransportId, Position, Lat, Lng) values (65, 23, 28.82376372814178, 47.04923306835225);
insert into TrurApp.Point(TransportId, Position, Lat, Lng) values (65, 24, 28.82582902908325, 47.04820596082122);
insert into TrurApp.Point(TransportId, Position, Lat, Lng) values (65, 25, 28.830088376998898, 47.04571669646372);
insert into TrurApp.Point(TransportId, Position, Lat, Lng) values (65, 26, 28.832432627677917, 47.044283763273214);
insert into TrurApp.Point(TransportId, Position, Lat, Lng) values (65, 27, 28.832824230194092, 47.04388896879431);
insert into TrurApp.Point(TransportId, Position, Lat, Lng) values (65, 28, 28.832936882972717, 47.04341009379216);
insert into TrurApp.Point(TransportId, Position, Lat, Lng) values (65, 29, 28.832910060882565, 47.043289460480224);
insert into TrurApp.Point(TransportId, Position, Lat, Lng) values (65, 30, 28.832545280456543, 47.04268994542901);
insert into TrurApp.Point(TransportId, Position, Lat, Lng) values (65, 31, 28.827089667320248, 47.039381524741344);
insert into TrurApp.Point(TransportId, Position, Lat, Lng) values (65, 32, 28.826837539672848, 47.03916948636485);
insert into TrurApp.Point(TransportId, Position, Lat, Lng) values (65, 33, 28.823275566101074, 47.036869912608395);
insert into TrurApp.Point(TransportId, Position, Lat, Lng) values (65, 34, 28.821773529052734, 47.03598149747975);
insert into TrurApp.Point(TransportId, Position, Lat, Lng) values (65, 35, 28.82065773010254, 47.035272217170444);
insert into TrurApp.Point(TransportId, Position, Lat, Lng) values (65, 36, 28.816570043563843, 47.032478877272474);
insert into TrurApp.Point(TransportId, Position, Lat, Lng) values (65, 37, 28.816709518432617, 47.031144311179894);
insert into TrurApp.Point(TransportId, Position, Lat, Lng) values (65, 38, 28.81688117980957, 47.031049244924695);
insert into TrurApp.Point(TransportId, Position, Lat, Lng) values (65, 39, 28.826606869697574, 47.024533146516184);
insert into TrurApp.Point(TransportId, Position, Lat, Lng) values (65, 40, 28.827953338623043, 47.02357504477106);
insert into TrurApp.Point(TransportId, Position, Lat, Lng) values (65, 41, 28.82988452911377, 47.02234996596359);
insert into TrurApp.Point(TransportId, Position, Lat, Lng) values (65, 42, 28.832319974899292, 47.020660408175765);
insert into TrurApp.Point(TransportId, Position, Lat, Lng) values (65, 43, 28.83652567863464, 47.01776755630881);
insert into TrurApp.Point(TransportId, Position, Lat, Lng) values (65, 44, 28.83663296699524, 47.01784070240877);
insert into TrurApp.Point(TransportId, Position, Lat, Lng) values (65, 45, 28.839722871780396, 47.02002041020288);
insert into TrurApp.Point(TransportId, Position, Lat, Lng) values (65, 46, 28.84162724018097, 47.02138085385778);
insert into TrurApp.Point(TransportId, Position, Lat, Lng) values (65, 47, 28.8415789604187, 47.02141011032981);
insert into TrurApp.Point(TransportId, Position, Lat, Lng) values (65, 48, 28.840162754058834, 47.02232802399733);
insert into TrurApp.Point(TransportId, Position, Lat, Lng) values (65, 49, 28.84010374546051, 47.02229145403357);
insert into TrurApp.Point(TransportId, Position, Lat, Lng) values (65, 50, 28.83508265018463, 47.01873673400117);
insert into TrurApp.Point(TransportId, Position, Lat, Lng) values (65, 51, 28.832384347915646, 47.016889795293665);
insert into TrurApp.Point(TransportId, Position, Lat, Lng) values (65, 52, 28.82525503635406, 47.021688046014496);
insert into TrurApp.Point(TransportId, Position, Lat, Lng) values (65, 53, 28.820872306823727, 47.0245697149444);
insert into TrurApp.Point(TransportId, Position, Lat, Lng) values (65, 54, 28.817535638809204, 47.02687713210507);
insert into TrurApp.Point(TransportId, Position, Lat, Lng) values (65, 55, 28.81750881671905, 47.02693929568844);
insert into TrurApp.Point(TransportId, Position, Lat, Lng) values (65, 56, 28.81716549396515, 47.02891752250253);
insert into TrurApp.Point(TransportId, Position, Lat, Lng) values (65, 57, 28.81713330745697, 47.029023562165285);
insert into TrurApp.Point(TransportId, Position, Lat, Lng) values (65, 58, 28.816623687744137, 47.0324679083721);
insert into TrurApp.Point(TransportId, Position, Lat, Lng) values (65, 59, 28.818629980087284, 47.03380244136679);
insert into TrurApp.Point(TransportId, Position, Lat, Lng) values (65, 60, 28.820689916610718, 47.03523565607427);
insert into TrurApp.Point(TransportId, Position, Lat, Lng) values (65, 61, 28.823297023773193, 47.03682604060354);
insert into TrurApp.Point(TransportId, Position, Lat, Lng) values (65, 62, 28.826858997344974, 47.03912927209492);
insert into TrurApp.Point(TransportId, Position, Lat, Lng) values (65, 63, 28.8271164894104, 47.0393449664607);
insert into TrurApp.Point(TransportId, Position, Lat, Lng) values (65, 64, 28.832577466964718, 47.042660700620026);
insert into TrurApp.Point(TransportId, Position, Lat, Lng) values (65, 65, 28.833065629005432, 47.04282885805272);
insert into TrurApp.Point(TransportId, Position, Lat, Lng) values (65, 66, 28.833317756652832, 47.04292390332372);
insert into TrurApp.Point(TransportId, Position, Lat, Lng) values (65, 67, 28.833709359169006, 47.043004326113056);
insert into TrurApp.Point(TransportId, Position, Lat, Lng) values (65, 68, 28.83385419845581, 47.04312861563997);
insert into TrurApp.Point(TransportId, Position, Lat, Lng) values (65, 69, 28.83390247821808, 47.043227315940335);
insert into TrurApp.Point(TransportId, Position, Lat, Lng) values (65, 70, 28.833886384963986, 47.04340278269012);
insert into TrurApp.Point(TransportId, Position, Lat, Lng) values (65, 71, 28.83385419845581, 47.04345030483553);
insert into TrurApp.Point(TransportId, Position, Lat, Lng) values (65, 72, 28.833585977554318, 47.043633081923396);
insert into TrurApp.Point(TransportId, Position, Lat, Lng) values (65, 73, 28.833274841308597, 47.04385606912254);
insert into TrurApp.Point(TransportId, Position, Lat, Lng) values (65, 74, 28.83288323879242, 47.04410829942109);
insert into TrurApp.Point(TransportId, Position, Lat, Lng) values (65, 75, 28.832443356513977, 47.04432762914609);
insert into TrurApp.Point(TransportId, Position, Lat, Lng) values (65, 76, 28.830109834671017, 47.04575325037838);
insert into TrurApp.Point(TransportId, Position, Lat, Lng) values (65, 77, 28.82586658000946, 47.04823885781031);
insert into TrurApp.Point(TransportId, Position, Lat, Lng) values (65, 78, 28.823769092559814, 47.04928058530384);
insert into TrurApp.Point(TransportId, Position, Lat, Lng) values (65, 79, 28.821719884872433, 47.05022360527863);
insert into TrurApp.Point(TransportId, Position, Lat, Lng) values (65, 80, 28.821001052856445, 47.05049408079908);
insert into TrurApp.Point(TransportId, Position, Lat, Lng) values (65, 81, 28.81728887557983, 47.05227772285613);
insert into TrurApp.Point(TransportId, Position, Lat, Lng) values (65, 82, 28.816065788269043, 47.05284789093147);
insert into TrurApp.Point(TransportId, Position, Lat, Lng) values (65, 83, 28.815218210220337, 47.05321703496012);
insert into TrurApp.Point(TransportId, Position, Lat, Lng) values (65, 84, 28.81460666656494, 47.05337419451367);
insert into TrurApp.Point(TransportId, Position, Lat, Lng) values (65, 85, 28.787301778793335, 47.05918877240831);
insert into TrurApp.Point(TransportId, Position, Lat, Lng) values (65, 86, 28.79538059234619, 47.06396860416882);
insert into TrurApp.Point(TransportId, Position, Lat, Lng) values (65, 87, 28.799462914466854, 47.06630720363382);
insert into TrurApp.Point(TransportId, Position, Lat, Lng) values (65, 88, 28.803336024284363, 47.06433036298113);
insert into TrurApp.Point(TransportId, Position, Lat, Lng) values (65, 89, 28.80461275577545, 47.06316103271076);
insert into TrurApp.Point(TransportId, Position, Lat, Lng) values (65, 90, 28.80660831928253, 47.06127177929863);
insert into TrurApp.Point(TransportId, Position, Lat, Lng) values (65, 91, 28.807042837142944, 47.061023284506135);
insert into TrurApp.Point(TransportId, Position, Lat, Lng) values (65, 92, 28.808104991912845, 47.0606907381924);
insert into TrurApp.Point(TransportId, Position, Lat, Lng) values (65, 93, 28.810953497886654, 47.05970405010938);
insert into TrurApp.Point(TransportId, Position, Lat, Lng) values (65, 94, 28.8110339641571, 47.059711358977125);
insert into TrurApp.Point(TransportId, Position, Lat, Lng) values (65, 95, 28.811350464820862, 47.0597479033008);
insert into TrurApp.Point(TransportId, Position, Lat, Lng) values (65, 96, 28.81140410900116, 47.05978810202792);
insert into TrurApp.Point(TransportId, Position, Lat, Lng) values (65, 97, 28.817471265792843, 47.05652459762975);
insert into TrurApp.Point(TransportId, Position, Lat, Lng) values (65, 98, 28.817465901374817, 47.05640764863628);
insert into TrurApp.Point(TransportId, Position, Lat, Lng) values (65, 99, 28.817701935768124, 47.0562651167037);
insert into TrurApp.Point(TransportId, Position, Lat, Lng) values (65, 100, 28.817798495292664, 47.056396684655);
insert into TrurApp.Point(TransportId, Position, Lat, Lng) values (65, 101, 28.817583918571472, 47.05650632436645);

insert into TrurApp.Point(TransportId, Position, Lat, Lng) values (51, 1, 28.80818009376526, 47.060701701290725);
insert into TrurApp.Point(TransportId, Position, Lat, Lng) values (51, 2, 28.810980319976807, 47.05971501341061);
insert into TrurApp.Point(TransportId, Position, Lat, Lng) values (51, 3, 28.81439208984375, 47.056425921933425);
insert into TrurApp.Point(TransportId, Position, Lat, Lng) values (51, 4, 28.81780385971069, 47.05401379256992);
insert into TrurApp.Point(TransportId, Position, Lat, Lng) values (51, 5, 28.818426132202145, 47.05350211473859);
insert into TrurApp.Point(TransportId, Position, Lat, Lng) values (51, 6, 28.821945190429688, 47.05002257528699);
insert into TrurApp.Point(TransportId, Position, Lat, Lng) values (51, 7, 28.8236403465271, 47.049276930155216);
insert into TrurApp.Point(TransportId, Position, Lat, Lng) values (51, 8, 28.825786113739014, 47.04822423692878);
insert into TrurApp.Point(TransportId, Position, Lat, Lng) values (51, 9, 28.83087158203125, 47.045241493293894);
insert into TrurApp.Point(TransportId, Position, Lat, Lng) values (51, 10, 28.832781314849857, 47.04401325626021);
insert into TrurApp.Point(TransportId, Position, Lat, Lng) values (51, 11, 28.832910060882565, 47.04354534899936);
insert into TrurApp.Point(TransportId, Position, Lat, Lng) values (51, 12, 28.833103179931644, 47.04306281533827);
insert into TrurApp.Point(TransportId, Position, Lat, Lng) values (51, 13, 28.8336181640625, 47.0429604591521);
insert into TrurApp.Point(TransportId, Position, Lat, Lng) values (51, 14, 28.834991455078125, 47.04290196981468);
insert into TrurApp.Point(TransportId, Position, Lat, Lng) values (51, 15, 28.840270042419434, 47.041761414918085);
insert into TrurApp.Point(TransportId, Position, Lat, Lng) values (51, 16, 28.84232997894287, 47.041147259874045);
insert into TrurApp.Point(TransportId, Position, Lat, Lng) values (51, 17, 28.84288787841797, 47.04101565430197);
insert into TrurApp.Point(TransportId, Position, Lat, Lng) values (51, 18, 28.843520879745483, 47.04066470452261);
insert into TrurApp.Point(TransportId, Position, Lat, Lng) values (51, 19, 28.84388566017151, 47.04062083563788);
insert into TrurApp.Point(TransportId, Position, Lat, Lng) values (51, 20, 28.844110965728756, 47.04080362241964);
insert into TrurApp.Point(TransportId, Position, Lat, Lng) values (51, 21, 28.844583034515377, 47.04182721682493);
insert into TrurApp.Point(TransportId, Position, Lat, Lng) values (51, 22, 28.84494781494141, 47.042280516644425);
insert into TrurApp.Point(TransportId, Position, Lat, Lng) values (51, 23, 28.846750259399418, 47.04364039299388);
insert into TrurApp.Point(TransportId, Position, Lat, Lng) values (51, 24, 28.847790956497192, 47.04459082362579);
insert into TrurApp.Point(TransportId, Position, Lat, Lng) values (51, 25, 28.848767280578613, 47.045109897821476);
insert into TrurApp.Point(TransportId, Position, Lat, Lng) values (51, 26, 28.849271535873413, 47.04503678908543);
insert into TrurApp.Point(TransportId, Position, Lat, Lng) values (51, 27, 28.851900100708008, 47.04369157045924);
insert into TrurApp.Point(TransportId, Position, Lat, Lng) values (51, 28, 28.852447271347042, 47.043347949392825);
insert into TrurApp.Point(TransportId, Position, Lat, Lng) values (51, 29, 28.852897882461548, 47.042931214491404);
insert into TrurApp.Point(TransportId, Position, Lat, Lng) values (51, 30, 28.85316610336304, 47.04259489974119);
insert into TrurApp.Point(TransportId, Position, Lat, Lng) values (51, 31, 28.85358452796936, 47.04196613169503);
insert into TrurApp.Point(TransportId, Position, Lat, Lng) values (51, 32, 28.853820562362674, 47.040598901182);
insert into TrurApp.Point(TransportId, Position, Lat, Lng) values (51, 33, 28.853713274002075, 47.039458297049194);
insert into TrurApp.Point(TransportId, Position, Lat, Lng) values (51, 34, 28.852812051773068, 47.038580892662274);
insert into TrurApp.Point(TransportId, Position, Lat, Lng) values (51, 35, 28.84581685066223, 47.03384265965134);
insert into TrurApp.Point(TransportId, Position, Lat, Lng) values (51, 36, 28.844894170761105, 47.03340391309068);
insert into TrurApp.Point(TransportId, Position, Lat, Lng) values (51, 37, 28.838049173355103, 47.02875297778119);
insert into TrurApp.Point(TransportId, Position, Lat, Lng) values (51, 38, 28.837727308273315, 47.02874566467069);
insert into TrurApp.Point(TransportId, Position, Lat, Lng) values (51, 39, 28.83661150932312, 47.029498909788686);
insert into TrurApp.Point(TransportId, Position, Lat, Lng) values (51, 40, 28.82669806480408, 47.02263886767812);
insert into TrurApp.Point(TransportId, Position, Lat, Lng) values (51, 41, 28.82088840007782, 47.02643101485333);
insert into TrurApp.Point(TransportId, Position, Lat, Lng) values (51, 42, 28.81711184978485, 47.028997966403885);
insert into TrurApp.Point(TransportId, Position, Lat, Lng) values (51, 43, 28.81660759449005, 47.032482533572086);
insert into TrurApp.Point(TransportId, Position, Lat, Lng) values (51, 44, 28.82180035114288, 47.03596687323867);
insert into TrurApp.Point(TransportId, Position, Lat, Lng) values (51, 45, 28.826858997344974, 47.03914755131227);
insert into TrurApp.Point(TransportId, Position, Lat, Lng) values (51, 46, 28.827186226844788, 47.039410771347846);
insert into TrurApp.Point(TransportId, Position, Lat, Lng) values (51, 47, 28.832572102546692, 47.04267166742525);
insert into TrurApp.Point(TransportId, Position, Lat, Lng) values (51, 48, 28.8333123922348, 47.04291293657032);
insert into TrurApp.Point(TransportId, Position, Lat, Lng) values (51, 49, 28.833752274513245, 47.04301163726972);
insert into TrurApp.Point(TransportId, Position, Lat, Lng) values (51, 50, 28.83391857147217, 47.04319441586051);
insert into TrurApp.Point(TransportId, Position, Lat, Lng) values (51, 51, 28.833897113800045, 47.04343568264145);
insert into TrurApp.Point(TransportId, Position, Lat, Lng) values (51, 52, 28.833537697792053, 47.04365135959772);
insert into TrurApp.Point(TransportId, Position, Lat, Lng) values (51, 53, 28.83314609527588, 47.04391821292999);
insert into TrurApp.Point(TransportId, Position, Lat, Lng) values (51, 54, 28.83249700069427, 47.044291074254545);
insert into TrurApp.Point(TransportId, Position, Lat, Lng) values (51, 55, 28.830984234809872, 47.04520859445621);
insert into TrurApp.Point(TransportId, Position, Lat, Lng) values (51, 56, 28.82582902908325, 47.04824616824957);
insert into TrurApp.Point(TransportId, Position, Lat, Lng) values (51, 57, 28.821913003921505, 47.0501431933729);
insert into TrurApp.Point(TransportId, Position, Lat, Lng) values (51, 58, 28.818495869636532, 47.05348749529984);
insert into TrurApp.Point(TransportId, Position, Lat, Lng) values (51, 59, 28.817718029022217, 47.05411247272981);
insert into TrurApp.Point(TransportId, Position, Lat, Lng) values (51, 60, 28.81442427635193, 47.056425921933425);
insert into TrurApp.Point(TransportId, Position, Lat, Lng) values (51, 61, 28.811473846435547, 47.059320333145806);
insert into TrurApp.Point(TransportId, Position, Lat, Lng) values (51, 62, 28.810974955558773, 47.059740594438075);
insert into TrurApp.Point(TransportId, Position, Lat, Lng) values (51, 63, 28.810443878173828, 47.06029241075669);
insert into TrurApp.Point(TransportId, Position, Lat, Lng) values (51, 64, 28.809317350387573, 47.06090634537951);
insert into TrurApp.Point(TransportId, Position, Lat, Lng) values (51, 65, 28.80905985832214, 47.06096116062705);
insert into TrurApp.Point(TransportId, Position, Lat, Lng) values (51, 66, 28.8088184595108, 47.06091730843354);
insert into TrurApp.Point(TransportId, Position, Lat, Lng) values (51, 67, 28.80815863609314, 47.06071266438685);

insert into TrurApp.Point(TransportId, Position, Lat, Lng) values (34, 1, 28.81817936897278, 47.00252903940883);
insert into TrurApp.Point(TransportId, Position, Lat, Lng) values (34, 2, 28.821204900741574, 47.000736417285225);
insert into TrurApp.Point(TransportId, Position, Lat, Lng) values (34, 3, 28.82154822349548, 47.000721783387746);
insert into TrurApp.Point(TransportId, Position, Lat, Lng) values (34, 4, 28.821902275085446, 47.00116811545817);
insert into TrurApp.Point(TransportId, Position, Lat, Lng) values (34, 5, 28.822824954986572, 47.00203881810947);
insert into TrurApp.Point(TransportId, Position, Lat, Lng) values (34, 6, 28.82373690605164, 47.002829023358544);
insert into TrurApp.Point(TransportId, Position, Lat, Lng) values (34, 7, 28.826344013214108, 47.00672866142043);
insert into TrurApp.Point(TransportId, Position, Lat, Lng) values (34, 8, 28.82688045501709, 47.0071676272408);
insert into TrurApp.Point(TransportId, Position, Lat, Lng) values (34, 9, 28.826966285705563, 47.007372476722445);
insert into TrurApp.Point(TransportId, Position, Lat, Lng) values (34, 10, 28.827041387557983, 47.00767974947192);
insert into TrurApp.Point(TransportId, Position, Lat, Lng) values (34, 11, 28.827089667320248, 47.00787728102033);
insert into TrurApp.Point(TransportId, Position, Lat, Lng) values (34, 12, 28.82788896560669, 47.009175849865095);
insert into TrurApp.Point(TransportId, Position, Lat, Lng) values (34, 13, 28.827964067459103, 47.00931484973005);
insert into TrurApp.Point(TransportId, Position, Lat, Lng) values (34, 14, 28.82799625396728, 47.00957090116593);
insert into TrurApp.Point(TransportId, Position, Lat, Lng) values (34, 15, 28.828114271163937, 47.01382483326729);
insert into TrurApp.Point(TransportId, Position, Lat, Lng) values (34, 16, 28.82814109325409, 47.01397113616876);
insert into TrurApp.Point(TransportId, Position, Lat, Lng) values (34, 17, 28.8245952129364, 47.01709826484128);
insert into TrurApp.Point(TransportId, Position, Lat, Lng) values (34, 18, 28.839476108551022, 47.02756092754058);
insert into TrurApp.Point(TransportId, Position, Lat, Lng) values (34, 19, 28.838338851928707, 47.02838000786819);
insert into TrurApp.Point(TransportId, Position, Lat, Lng) values (34, 20, 28.84524822235107, 47.03314797593117);
insert into TrurApp.Point(TransportId, Position, Lat, Lng) values (34, 21, 28.845698833465576, 47.033659849022776);
insert into TrurApp.Point(TransportId, Position, Lat, Lng) values (34, 22, 28.85277986526489, 47.03845659254067);
insert into TrurApp.Point(TransportId, Position, Lat, Lng) values (34, 23, 28.853981494903568, 47.039100025334115);
insert into TrurApp.Point(TransportId, Position, Lat, Lng) values (34, 24, 28.855204582214355, 47.03918776556841);
insert into TrurApp.Point(TransportId, Position, Lat, Lng) values (34, 25, 28.85758101940155, 47.039048843464144);
insert into TrurApp.Point(TransportId, Position, Lat, Lng) values (34, 26, 28.86156678199768, 47.03628860561675);
insert into TrurApp.Point(TransportId, Position, Lat, Lng) values (34, 27, 28.861738443374634, 47.036127739670185);
insert into TrurApp.Point(TransportId, Position, Lat, Lng) values (34, 28, 28.862328529357907, 47.03397428291618);
insert into TrurApp.Point(TransportId, Position, Lat, Lng) values (34, 29, 28.86304199695587, 47.03225584252205);
insert into TrurApp.Point(TransportId, Position, Lat, Lng) values (34, 30, 28.864125609397888, 47.0284823920254);
insert into TrurApp.Point(TransportId, Position, Lat, Lng) values (34, 31, 28.86597633361816, 47.02546197683042);
insert into TrurApp.Point(TransportId, Position, Lat, Lng) values (34, 32, 28.86660397052765, 47.0241126077912);
insert into TrurApp.Point(TransportId, Position, Lat, Lng) values (34, 33, 28.865718841552734, 47.02359332931645);
insert into TrurApp.Point(TransportId, Position, Lat, Lng) values (34, 34, 28.865633010864254, 47.02345802353225);
insert into TrurApp.Point(TransportId, Position, Lat, Lng) values (34, 35, 28.865675926208496, 47.02332271740508);
insert into TrurApp.Point(TransportId, Position, Lat, Lng) values (34, 36, 28.865793943405148, 47.023191067871124);
insert into TrurApp.Point(TransportId, Position, Lat, Lng) values (34, 37, 28.8659656047821, 47.023110615218336);
insert into TrurApp.Point(TransportId, Position, Lat, Lng) values (34, 38, 28.866282105445862, 47.02305210412198);
insert into TrurApp.Point(TransportId, Position, Lat, Lng) values (34, 39, 28.86664152145386, 47.02292776782928);
insert into TrurApp.Point(TransportId, Position, Lat, Lng) values (34, 40, 28.866909742355343, 47.022781489467114);
insert into TrurApp.Point(TransportId, Position, Lat, Lng) values (34, 41, 28.870916962623596, 47.017756584385175);
insert into TrurApp.Point(TransportId, Position, Lat, Lng) values (34, 42, 28.873915672302246, 47.014479535634976);
insert into TrurApp.Point(TransportId, Position, Lat, Lng) values (34, 43, 28.878003358840942, 47.010211024385306);
insert into TrurApp.Point(TransportId, Position, Lat, Lng) values (34, 44, 28.879419565200802, 47.00903319173284);
insert into TrurApp.Point(TransportId, Position, Lat, Lng) values (34, 45, 28.882144689559937, 47.00730663233186);
insert into TrurApp.Point(TransportId, Position, Lat, Lng) values (34, 46, 28.885899782180786, 47.00565317991499);
insert into TrurApp.Point(TransportId, Position, Lat, Lng) values (34, 47, 28.886028528213497, 47.005258099638155);
insert into TrurApp.Point(TransportId, Position, Lat, Lng) values (34, 48, 28.88699412345886, 47.004628891683474);
insert into TrurApp.Point(TransportId, Position, Lat, Lng) values (34, 49, 28.887557387351986, 47.004628891683474);
insert into TrurApp.Point(TransportId, Position, Lat, Lng) values (34, 50, 28.88758420944214, 47.004669131948916);
insert into TrurApp.Point(TransportId, Position, Lat, Lng) values (34, 51, 28.88697266578674, 47.005162987283285);
insert into TrurApp.Point(TransportId, Position, Lat, Lng) values (34, 52, 28.886232376098633, 47.00557635897889);
insert into TrurApp.Point(TransportId, Position, Lat, Lng) values (34, 53, 28.882187604904175, 47.00735784464266);
insert into TrurApp.Point(TransportId, Position, Lat, Lng) values (34, 54, 28.879446387290955, 47.009084402388254);
insert into TrurApp.Point(TransportId, Position, Lat, Lng) values (34, 55, 28.878062367439266, 47.01023297133107);
insert into TrurApp.Point(TransportId, Position, Lat, Lng) values (34, 56, 28.873963952064518, 47.01450879588861);
insert into TrurApp.Point(TransportId, Position, Lat, Lng) values (34, 57, 28.87095987796783, 47.01777852823018);
insert into TrurApp.Point(TransportId, Position, Lat, Lng) values (34, 58, 28.867306709289554, 47.02241944879721);
insert into TrurApp.Point(TransportId, Position, Lat, Lng) values (34, 59, 28.866636157035828, 47.024145519636996);
insert into TrurApp.Point(TransportId, Position, Lat, Lng) values (34, 60, 28.866636157035828, 47.02415283337775);
insert into TrurApp.Point(TransportId, Position, Lat, Lng) values (34, 61, 28.86601388454437, 47.02547294717064);
insert into TrurApp.Point(TransportId, Position, Lat, Lng) values (34, 62, 28.864345550537113, 47.02809113722311);
insert into TrurApp.Point(TransportId, Position, Lat, Lng) values (34, 63, 28.86417388916016, 47.02849701831754);
insert into TrurApp.Point(TransportId, Position, Lat, Lng) values (34, 64, 28.86309027671814, 47.03226681146599);
insert into TrurApp.Point(TransportId, Position, Lat, Lng) values (34, 65, 28.862371444702152, 47.03398890770333);
insert into TrurApp.Point(TransportId, Position, Lat, Lng) values (34, 66, 28.861770629882812, 47.036153332012304);
insert into TrurApp.Point(TransportId, Position, Lat, Lng) values (34, 67, 28.86162042617798, 47.036292261655376);
insert into TrurApp.Point(TransportId, Position, Lat, Lng) values (34, 68, 28.85898649692535, 47.03810197001401);
insert into TrurApp.Point(TransportId, Position, Lat, Lng) values (34, 69, 28.857640027999878, 47.039067122709056);
insert into TrurApp.Point(TransportId, Position, Lat, Lng) values (34, 70, 28.85520994663239, 47.03924991481374);
insert into TrurApp.Point(TransportId, Position, Lat, Lng) values (34, 71, 28.854255080223083, 47.03942905046877);
insert into TrurApp.Point(TransportId, Position, Lat, Lng) values (34, 72, 28.854072690010074, 47.039498511071145);
insert into TrurApp.Point(TransportId, Position, Lat, Lng) values (34, 73, 28.853868842124935, 47.039498511071145);
insert into TrurApp.Point(TransportId, Position, Lat, Lng) values (34, 74, 28.853697180747982, 47.03938518056804);
insert into TrurApp.Point(TransportId, Position, Lat, Lng) values (34, 75, 28.852769136428833, 47.038518742637656);
insert into TrurApp.Point(TransportId, Position, Lat, Lng) values (34, 76, 28.838000893592834, 47.02873103844669);
insert into TrurApp.Point(TransportId, Position, Lat, Lng) values (34, 77, 28.83786141872406, 47.028723725333194);
insert into TrurApp.Point(TransportId, Position, Lat, Lng) values (34, 78, 28.8377058506012, 47.028749321226066);
insert into TrurApp.Point(TransportId, Position, Lat, Lng) values (34, 79, 28.836568593978882, 47.029502566292436);
insert into TrurApp.Point(TransportId, Position, Lat, Lng) values (34, 80, 28.826665878295895, 47.0225986409508);
insert into TrurApp.Point(TransportId, Position, Lat, Lng) values (34, 81, 28.825244307518002, 47.021666103776205);
insert into TrurApp.Point(TransportId, Position, Lat, Lng) values (34, 82, 28.82205247879028, 47.01943891967878);
insert into TrurApp.Point(TransportId, Position, Lat, Lng) values (34, 83, 28.824568390846252, 47.01707632071669);
insert into TrurApp.Point(TransportId, Position, Lat, Lng) values (34, 84, 28.82810890674591, 47.01393090291082);
insert into TrurApp.Point(TransportId, Position, Lat, Lng) values (34, 85, 28.82806599140167, 47.013821175689614);
insert into TrurApp.Point(TransportId, Position, Lat, Lng) values (34, 86, 28.827947974205017, 47.00955261181833);
insert into TrurApp.Point(TransportId, Position, Lat, Lng) values (34, 87, 28.827921152114868, 47.00932582338818);
insert into TrurApp.Point(TransportId, Position, Lat, Lng) values (34, 88, 28.827846050262455, 47.0091868235518);
insert into TrurApp.Point(TransportId, Position, Lat, Lng) values (34, 89, 28.82704675197601, 47.00789922892504);
insert into TrurApp.Point(TransportId, Position, Lat, Lng) values (34, 90, 28.826537132263184, 47.00735784464266);
insert into TrurApp.Point(TransportId, Position, Lat, Lng) values (34, 91, 28.825485706329342, 47.00662257747263);
insert into TrurApp.Point(TransportId, Position, Lat, Lng) values (34, 92, 28.824058771133426, 47.005942171970794);
insert into TrurApp.Point(TransportId, Position, Lat, Lng) values (34, 93, 28.823254108428955, 47.00559099154667);
insert into TrurApp.Point(TransportId, Position, Lat, Lng) values (34, 94, 28.821966648101807, 47.005115431042334);
insert into TrurApp.Point(TransportId, Position, Lat, Lng) values (34, 95, 28.819499015808105, 47.00413137317026);
insert into TrurApp.Point(TransportId, Position, Lat, Lng) values (34, 96, 28.81875872611999, 47.0037874973722);
insert into TrurApp.Point(TransportId, Position, Lat, Lng) values (34, 97, 28.81735324859619, 47.00308510588533);
insert into TrurApp.Point(TransportId, Position, Lat, Lng) values (34, 98, 28.81817936897278, 47.00252903940883);